user,dream_job,matched_skills,missing_skills,timestamp
preeti123@gmail.com,frontend developer,0,0,2025-07-26 21:42:14.378
preeti123@gmail.com,Data Analyst,2,3,2025-07-26 21:42:38.403
preeti123@gmail.com,Web Developer,2,3,2025-07-30 11:35:18.973
preeti123@gmail.com,Data Analyst,2,3,2025-07-30 12:14:37.418
preeti123@gmail.com,Data Scientist,0,0,2025-07-30 12:36:13.322
preeti123@gmail.com,Data Scientist,0,0,2025-07-30 12:40:05.713
preeti123@gmail.com,Data Analyst,2,3,2025-07-30 12:42:29.206
preeti123@gmail.com,Data Analyst,2,3,2025-07-30 12:49:21.891
preeti123@gmail.com,Database Admin,1,4,2025-07-30 12:50:11.789
preeti123@gmail.com,frontend developer,0,0,2025-07-30 13:17:49.172
preeti123@gmail.com,frontend developer,0,0,2025-07-30 13:23:15.457
preeti123@gmail.com,frontend developer,0,0,2025-07-30 13:23:28.040
preeti123@gmail.com,frontend developer,0,0,2025-07-30 13:29:18.892
preeti123@gmail.com,Database Admin,0,5,2025-07-30 13:29:38.341
preeti123@gmail.com,Database Admin,0,5,2025-07-30 13:30:30.589
preeti123@gmail.com,Database Admin,0,5,2025-07-30 13:52:21.660
preeti123@gmail.com,Database Admin,0,5,2025-07-30 13:53:09.433
preeti123@gmail.com,Database Admin,0,5,2025-07-30 13:59:13.314
preeti123@gmail.com,Database Admin,0,5,2025-07-30 13:59:19.410
preeti123@gmail.com,Database Admin,0,5,2025-07-30 13:59:28.540
preeti123@gmail.com,Database Admin,0,5,2025-07-30 13:59:37.431
preeti123@gmail.com,Database Admin,0,5,2025-07-30 14:28:47.946
preeti123@gmail.com,Database Admin,0,5,2025-07-30 14:29:04.968
user123@gmail.com,Database Admin,0,5,2025-07-30 14:29:41.673
user123@gmail.com,Data Analyst,0,18,2025-07-30 15:09:54.041
user123@gmail.com,Data Analyst,0,18,2025-07-30 15:10:05.987
user123@gmail.com,Data Analyst,0,18,2025-07-30 15:28:09.221
user123@gmail.com,Data Analyst,0,18,2025-07-30 15:35:33.741
user123@gmail.com,Data Analyst,0,18,2025-07-30 15:38:29.514
user123@gmail.com,Database Admin,0,18,2025-07-30 15:38:46.446
user123@gmail.com,Data Analyst,0,18,2025-07-30 15:47:16.067
user123@gmail.com,Data Analyst,0,18,2025-07-30 16:24:19.344
user123@gmail.com,Data Analyst,0,18,2025-07-30 16:39:32.630
user123@gmail.com,Data Analyst,0,18,2025-07-30 16:43:52.127
user123@gmail.com,Data Analyst,0,18,2025-07-30 16:44:04.467
user123@gmail.com,Data Analyst,0,18,2025-07-30 16:44:49.689
user123@gmail.com,Data Analyst,0,18,2025-07-30 16:45:04.390
user123@gmail.com,Data Analyst,0,18,2025-07-30 16:47:29.514
user123@gmail.com,Data Analyst,0,18,2025-07-30 16:47:54.108
user123@gmail.com,Database Admin,0,18,2025-07-30 16:49:22.385
user123@gmail.com,Web Developer,0,19,2025-07-30 16:55:10.602
user123@gmail.com,Web Developer,0,19,2025-07-30 16:55:28.596
user123@gmail.com,Web Developer,0,19,2025-07-30 17:04:22.416
user123@gmail.com,Web Developer,0,19,2025-07-30 17:08:04.758
user123@gmail.com,Web Developer,0,19,2025-07-30 17:08:51.245
user123@gmail.com,Database Admin,0,18,2025-07-30 17:12:32.418
user123@gmail.com,Data Analyst,0,18,2025-07-30 17:19:15.043
user123@gmail.com,Data Analyst,0,18,2025-07-30 17:27:38.456
user123@gmail.com,Data Analyst,0,18,2025-07-30 17:29:28.163
user123@gmail.com,Data Analyst,0,18,2025-08-01 14:37:04.762
user123@gmail.com,Database Admin,0,18,2025-08-01 14:39:42.228
user123@gmail.com,Data Analyst,0,18,2025-08-04 12:23:05.473
preeti123@gmail.com,Web Developer,0,19,2025-08-14 18:18:23.117
preeti123@gmail.com,Web Developer,3,2,2025-08-14 18:33:42.254
preeti123@gmail.com,Database Admin,2,3,2025-08-14 18:35:03.199
preeti123@gmail.com,Database Admin,2,3,2025-08-14 18:38:40.424
user123@gmail.com,Database Admin,2,3,2025-08-19 20:48:11.762
user123@gmail.com,Data Analyst,3,2,2025-08-19 20:48:31.035
preeti123@gmail.com,Web Developer,2,3,2025-08-22 11:49:55.187
preeti123@gmail.com,Web Developer,3,2,2025-08-22 11:50:18.085
preeti123@gmail.com,Web Developer,2,3,2025-08-22 11:57:37.718
preeti123@gmail.com,Data Analyst,2,3,2025-08-22 11:58:02.774
user123@gmail.com,Web Developer,3,2,2025-08-25 10:49:43.229
user123@gmail.com,Web Developer,3,2,2025-08-25 11:00:15.567
user123@gmail.com,Web Developer,3,2,2025-08-25 11:00:56.841
user123@gmail.com,Web Developer,3,2,2025-08-25 11:30:24.415
user123@gmail.com,Web Developer,3,2,2025-08-25 11:43:04.896
user123@gmail.com,Web Developer,3,2,2025-08-25 11:49:33.555
user123@gmail.com,Web Developer,3,2,2025-08-25 11:49:59.144
user123@gmail.com,Web Developer,3,2,2025-08-25 11:50:38.134
ankita123@gmail.com,Data Analyst,3,2,2025-08-25 13:24:28.133
ankita123@gmail.com,Data Analyst,1,4,2025-08-25 13:34:03.234
ankita123@gmail.com,Data Analyst,1,4,2025-08-25 15:15:28.068
ankita123@gmail.com,Data Analyst,1,4,2025-08-25 15:15:54.799
ankita123@gmail.com,Data Analyst,1,4,2025-08-25 18:55:48.975
ankita123@gmail.com,Data Analyst,1,4,2025-08-25 18:56:09.003
ankita123@gmail.com,Data Analyst,1,4,2025-08-25 19:44:53.191
ankita123@gmail.com,Data Analyst,1,4,2025-08-25 19:46:18.179
ankita123@gmail.com,Data Analyst,1,4,2025-08-25 20:11:10.247
ankita123@gmail.com,Data Analyst,1,4,2025-08-25 20:11:45.307
ankita123@gmail.com,Data Analyst,1,4,2025-08-25 20:12:32.411
ankita123@gmail.com,Data Analyst,1,4,2025-08-25 20:13:44.123
user123@gmail.com,Data Analyst,3,2,2025-08-26 10:23:05.949
user123@gmail.com,Data Analyst,3,2,2025-08-28 21:13:05.229
user123@gmail.com,Web Developer,0,5,2025-11-18 21:33:28.862
user123@gmail.com,Data Analyst,0,0,2025-11-19 12:00:15.026
